id,name,address
1,"Central Library","123 Main Street, Cityville"
2,"Westside Library","456 Oak Avenue, Townsville"
3,"Eastside Library","789 Pine Road, Village City"
4,"Northside Library","101 Maple Street, Metroville"
5,"Southside Library","202 Elm Street, Suburbtown"
6,"Riverside Library","303 Cedar Lane, River City"
7,"Lakeside Library","404 Birch Avenue, Lakeside"
8,"Hillside Library","505 Spruce Street, Hilltown"
9,"Greenfield Library","606 Willow Road, Greenfield"
10,"Sunset Library","707 Sunset Boulevard, Coastal City"
11,"Valley Library","808 Valley Road, Valley Town"
12,"Parkview Library","909 Parkview Street, Parksville"
13,"Meadow Library","111 Meadow Lane, Meadowville"
14,"Harbor Library","222 Harbor Road, Harbor Town"
15,"Bayside Library","333 Bay Street, Bayside"
16,"Seaside Library","444 Seaside Road, Seaville"
17,"Mountainview Library","555 Mountain Road, Mountain City"
18,"Woodland Library","666 Woodland Street, Woodland City"
19,"Highland Library","777 Highland Road, Highland Town"
20,"Lowland Library","888 Lowland Avenue, Lowland City"
21,"Sunnydale Library","999 Sunnydale Street, Sunnyville"
22,"Rainy City Library","121 Rainy Street, Rainy City"
23,"Windy Town Library","232 Windy Avenue, Windy Town"
24,"Foggy Library","343 Foggy Road, Foggy City"
25,"Stormy Library","454 Stormy Boulevard, Stormy City"
26,"Frosty Library","565 Frosty Lane, Frosty City"
27,"Shady Library","676 Shady Street, Shady Town"
28,"Quiet Library","787 Quiet Road, Quiet City"
29,"Lonely Library","898 Lonely Street, Lonely City"
30,"Joyful Library","910 Joyful Avenue, Joyful City"
31,"Peaceful Library","101 Peaceful Street, Peaceville"
32,"Melancholy Library","212 Melancholy Road, Melancholy City"
33,"Heavenly Library","323 Heavenly Street, Heavenly Town"
34,"Hellish Library","434 Hellish Boulevard, Hellish City"
35,"Charming Library","545 Charming Avenue, Charming Town"
36,"Enchanted Library","656 Enchanted Road, Enchanted City"
37,"Majestic Library","767 Majestic Street, Majestic Town"
38,"Graceful Library","878 Graceful Road, Graceful City"
39,"Joyous Library","989 Joyous Avenue, Joyous City"
40,"Cheerful Library","100 Cheerful Street, Cheerful Town"
41,"Delightful Library","111 Delightful Avenue, Delightful City"
42,"Enthusiastic Library","122 Enthusiastic Road, Enthusiastic City"
43,"Creative Library","133 Creative Street, Creative Town"
44,"Clever Library","144 Clever Avenue, Clever City"
45,"Imaginative Library","155 Imaginative Road, Imaginative City"
46,"Innovative Library","166 Innovative Boulevard, Innovative Town"
47,"Ambitious Library","177 Ambitious Street, Ambitious City"
48,"Bold Library","188 Bold Avenue, Bold Town"
49,"Confident Library","199 Confident Road, Confident City"
50,"Brilliant Library","210 Brilliant Street, Brilliant Town"
51,"Brave Library","221 Brave Avenue, Brave City"
52,"Fearless Library","232 Fearless Road, Fearless City"
53,"Courageous Library","243 Courageous Street, Courageous Town"
54,"Daring Library","254 Daring Avenue, Daring City"
55,"Valiant Library","265 Valiant Road, Valiant City"
56,"Dynamic Library","276 Dynamic Street, Dynamic Town"
57,"Energetic Library","287 Energetic Avenue, Energetic City"
58,"Lively Library","298 Lively Road, Lively City"
59,"Active Library","310 Active Street, Active Town"
60,"Vibrant Library","321 Vibrant Avenue, Vibrant City"
61,"Colorful Library","332 Colorful Road, Colorful Town"
62,"Luminous Library","343 Luminous Street, Luminous City"
63,"Glowing Library","354 Glowing Avenue, Glowing Town"
64,"Shining Library","365 Shining Road, Shining City"
65,"Light Library","376 Light Street, Light Town"
66,"Bright Library","387 Bright Avenue, Bright City"
67,"Glorious Library","398 Glorious Road, Glorious City"
68,"Resilient Library","410 Resilient Street, Resilient Town"
69,"Strong Library","421 Strong Avenue, Strong City"
70,"Powerful Library","432 Powerful Road, Powerful City"
71,"Sturdy Library","443 Sturdy Street, Sturdy Town"
72,"Dependable Library","454 Dependable Avenue, Dependable City"
73,"Reliable Library","465 Reliable Road, Reliable City"
74,"Faithful Library","476 Faithful Street, Faithful Town"
75,"Trustworthy Library","487 Trustworthy Avenue, Trustworthy City"
76,"Honest Library","498 Honest Road, Honest City"
77,"Integrity Library","510 Integrity Street, Integrity Town"
78,"Sincere Library","521 Sincere Avenue, Sincere City"
79,"Loyal Library","532 Loyal Road, Loyal City"
80,"Faith Library","543 Faith Street, Faithful Town"
81,"Devoted Library","554 Devoted Avenue, Devoted City"
82,"Steadfast Library","565 Steadfast Road, Steadfast Town"
83,"Constant Library","576 Constant Street, Constant City"
84,"Fixed Library","587 Fixed Avenue, Fixed City"
85,"Secure Library","598 Secure Road, Secure Town"
86,"Protected Library","610 Protected Street, Protected City"
87,"Safe Library","621 Safe Avenue, Safe City"
88,"Shielded Library","632 Shielded Road, Shielded Town"
89,"Guarded Library","643 Guarded Street, Guarded City"
90,"Watched Library","654 Watched Avenue, Watched Town"
91,"Observed Library","665 Observed Road, Observed City"
92,"Monitored Library","676 Monitored Street, Monitored City"
93,"Inspected Library","687 Inspected Avenue, Inspected Town"
94,"Examined Library","698 Examined Road, Examined City"
95,"Assured Library","710 Assured Street, Assured City"
96,"Confirmed Library","721 Confirmed Avenue, Confirmed Town"
97,"Verified Library","732 Verified Road, Verified City"
98,"Proved Library","743 Proved Street, Proved Town"
99,"Attested Library","754 Attested Avenue, Attested City"
100,"Validated Library","765 Validated Road, Validated City"
101,"Certified Library","776 Certified Street, Certified City"
102,"Documented Library","787 Documented Avenue, Documented Town"
103,"Filed Library","798 Filed Road, Filed City"
104,"Registered Library","810 Registered Street, Registered Town"
105,"Authorized Library","821 Authorized Avenue, Authorized City"
106,"Approved Library","832 Approved Road, Approved Town"
107,"Licensed Library","843 Licensed Street, Licensed City"
108,"Permitted Library","854 Permitted Avenue, Permitted Town"
109,"Granted Library","865 Granted Road, Granted City"
110,"Allowed Library","876 Allowed Street, Allowed City"
111,"Endorsed Library","887 Endorsed Avenue, Endorsed City"
112,"Subscribed Library","898 Subscribed Road, Subscribed Town"
113,"Attained Library","910 Attained Street, Attained City"
114,"Acquired Library","921 Acquired Avenue, Acquired City"
115,"Obtained Library","932 Obtained Road, Obtained Town"
116,"Secured Library","943 Secured Street, Secured City"
117,"Possessed Library","954 Possessed Avenue, Possessed Town"
118,"Controlled Library","965 Controlled Road, Controlled City"
119,"Managed Library","976 Managed Street, Managed Town"
120,"Handled Library","987 Handled Avenue, Handled City"
121,"Directed Library","998 Directed Road, Directed Town"
122,"Supervised Library","101 Directed Street, Supervised City"
123,"Controlled Library","112 Controlled Road, Supervised Town"
124,"Restricted Library","123 Restricted Street, Restricted City"
125,"Limited Library","134 Limited Avenue, Restricted Town"
126,"Bounded Library","145 Bounded Road, Limited City"
127,"Constrained Library","156 Constrained Street, Constrained Town"
128,"Limited Library","167 Limited Road, Limited City"
129,"Measured Library","178 Measured Street, Measured Town"
130,"Controlled Library","189 Controlled Avenue, Measured City"
131,"Ordered Library","210 Ordered Road, Controlled City"
132,"Structured Library","221 Structured Street, Ordered Town"
133,"Organized Library","232 Organized Road, Organized City"
134,"Aligned Library","243 Aligned Avenue, Aligned Town"
135,"Coordinated Library","254 Coordinated Street, Coordinated City"
